name,birth_year,instrument,band
David Harris,1971,Saxophone,Reggae Roots
Grace Scott,1967,Bass,Country Roads
John Scott,1980,Harp,Blues Crew
Joshua Harris,1981,Saxophone,Indie Vibes
Daniel Doe,1980,Bass,Classic Ensemble
John Evans,1972,Bass,Electro Beats
Chris Wright,1987,Drums,Electro Beats
Olivia Harris,1978,Violin,Pop Stars
David Wilson,2005,Flute,Blues Crew
Sarah Harris,1967,Trumpet,The Rockers
Sophie Baker,1997,Keyboard,The Rockers
John Baker,1975,Violin,Indie Vibes
Sarah Kim,2000,Harp,Indie Vibes
Michael Scott,1995,Flute,Jazz Masters
David Doe,1975,Bass,The Rockers
Olivia Scott,1997,Bass,Jazz Masters
Chris Harris,1995,Flute,Country Roads
Matthew Smith,1963,Drums,Classic Ensemble
Alex Harris,1999,Violin,Metal Heads
Chloe Wilson,1989,Saxophone,Blues Crew
Emma Scott,1979,Cello,Electro Beats
Chris Evans,1972,Cello,Electro Beats
Matthew Baker,1970,Harp,Metal Heads
Jane Young,2000,Drums,Blues Crew
David Young,1982,Harp,Blues Crew
Olivia Nelson,1967,Trumpet,Pop Stars
Emma Young,1969,Trumpet,Indie Vibes
Brian Martin,1967,Saxophone,Classic Ensemble
Linda Doe,1999,Bass,Jazz Masters
Alex King,1998,Saxophone,Electro Beats
Linda Baker,1967,Bass,Indie Vibes
Michael Nelson,1999,Guitar,Reggae Roots
Chloe Harris,1990,Violin,Metal Heads
Emma Scott,1974,Keyboard,Metal Heads
Jane Evans,1985,Keyboard,Metal Heads
Emily Harris,1983,Cello,The Rockers
John Smith,2000,Saxophone,Electro Beats
James Wright,1979,Guitar,Jazz Masters
Laura Harris,1990,Drums,Reggae Roots
Brian Adams,1975,Saxophone,Jazz Masters
Emma Hall,1960,Keyboard,Indie Vibes
Alex Harris,1974,Trumpet,Blues Crew
Matthew Kim,1963,Drums,Country Roads
Sarah Baker,1970,Keyboard,Country Roads
Sarah Green,2002,Flute,Blues Crew
Matthew Scott,1981,Violin,Metal Heads
Emily Brown,1987,Harp,Reggae Roots
Michael Baker,1999,Guitar,The Rockers
Sarah King,1995,Trumpet,Pop Stars
Daniel Young,1968,Harp,Blues Crew
James Adams,1973,Harp,Reggae Roots
Grace Wright,1984,Guitar,Pop Stars
Matthew Scott,1966,Saxophone,Pop Stars
Laura Green,1980,Drums,Classic Ensemble
Olivia Martin,1960,Keyboard,Classic Ensemble
Jane Wright,1983,Harp,Pop Stars
Jane Hall,1962,Saxophone,Reggae Roots
Alex Martin,2005,Violin,Blues Crew
Brian Green,1981,Violin,The Rockers
Brian Baker,1974,Violin,Country Roads
David Nelson,1981,Drums,Indie Vibes
Grace Doe,1973,Drums,Pop Stars
Chris King,1972,Violin,Electro Beats
Grace Adams,1984,Keyboard,Metal Heads
Emma Harris,1969,Trumpet,Blues Crew
Joshua Turner,1992,Saxophone,Metal Heads
Matthew Martin,1981,Guitar,Jazz Masters
Sarah Evans,1963,Cello,Country Roads
Daniel Green,1989,Guitar,Jazz Masters
Grace Young,1995,Keyboard,The Rockers
Matthew Harris,1989,Violin,Reggae Roots
Olivia Clark,1975,Saxophone,Metal Heads
Chloe Clark,1980,Bass,The Rockers
Joshua King,1973,Trumpet,Blues Crew
Jane King,1988,Drums,Reggae Roots
Emily Hall,2001,Saxophone,Reggae Roots
Brian Turner,1990,Trumpet,Classic Ensemble
Sophie King,1992,Keyboard,Jazz Masters
David Adams,1975,Saxophone,Classic Ensemble
Brian Wright,1971,Cello,Reggae Roots
John Lee,1965,Bass,Country Roads
Emma Wright,1980,Harp,Blues Crew
Brian Kim,1999,Cello,Indie Vibes
Linda Scott,1981,Guitar,Metal Heads
Jane Wilson,2004,Trumpet,The Rockers
Joshua Wright,1979,Saxophone,Electro Beats
David Green,1973,Keyboard,The Rockers
Linda Scott,1980,Bass,Classic Ensemble
Emma Hall,1974,Bass,Jazz Masters
Michael Brown,1973,Cello,Electro Beats
Sophie Nelson,2004,Guitar,Blues Crew
Alex Adams,1968,Cello,Blues Crew
Joshua Harris,1983,Keyboard,Jazz Masters
David Brown,2004,Saxophone,Blues Crew
Joshua Adams,1969,Flute,Indie Vibes
Joshua King,2001,Violin,Reggae Roots
Chloe King,1963,Keyboard,Reggae Roots
Linda Green,1985,Saxophone,Electro Beats
David Martin,1962,Keyboard,The Rockers
Linda Doe,1991,Cello,Classic Ensemble
Chris Brown,1985,Keyboard,Reggae Roots
Jane Kim,1971,Guitar,Pop Stars
Chloe Doe,1996,Drums,Jazz Masters
Emily Wilson,1987,Bass,Classic Ensemble
Brian Nelson,1992,Drums,Reggae Roots
Sophie Wilson,1969,Saxophone,Reggae Roots
Sophie Baker,1992,Drums,Metal Heads
Emma Turner,2000,Guitar,Classic Ensemble
James Harris,1967,Cello,Blues Crew
Laura Green,1986,Harp,The Rockers
James Scott,1980,Guitar,Electro Beats
James Young,1979,Flute,The Rockers
Brian Green,1993,Saxophone,Country Roads
Brian Wilson,1992,Flute,Reggae Roots
Michael Harris,1989,Cello,Jazz Masters
Emma Baker,1980,Saxophone,Metal Heads
James Turner,1960,Keyboard,Metal Heads
Emma Turner,1983,Cello,Classic Ensemble
Joshua Green,1978,Trumpet,Metal Heads
John Nelson,1972,Harp,Metal Heads
Matthew Evans,1964,Flute,Electro Beats
David Baker,1993,Harp,The Rockers
Olivia Clark,1962,Keyboard,Country Roads
Sophie Green,1998,Drums,Pop Stars
Jane Wilson,1986,Bass,Pop Stars
Daniel King,2002,Keyboard,The Rockers
Grace Wilson,1960,Flute,Indie Vibes
James Smith,1971,Bass,Indie Vibes
Emma Green,1990,Flute,Jazz Masters
Chris Kim,1991,Bass,Country Roads
Michael Hall,1989,Violin,Pop Stars
Brian Harris,1991,Guitar,Classic Ensemble
Olivia Lee,2002,Violin,Classic Ensemble
Linda Wright,1997,Trumpet,Jazz Masters
Chloe Scott,1988,Bass,Metal Heads
Alex Baker,1960,Saxophone,Electro Beats
Olivia Clark,1978,Guitar,Country Roads
Olivia Harris,1972,Cello,Reggae Roots
Emily Smith,1996,Violin,The Rockers
Emily Martin,2005,Violin,Indie Vibes
Brian Green,2000,Harp,Electro Beats
Michael Wilson,1974,Keyboard,Indie Vibes
Matthew Baker,1993,Flute,Country Roads
Sophie Wilson,1990,Guitar,Reggae Roots
Olivia King,1973,Violin,Jazz Masters
Alex Martin,2004,Saxophone,Pop Stars
John Baker,1964,Harp,The Rockers
Sophie Scott,1985,Cello,Metal Heads
Olivia Hall,1976,Harp,Pop Stars
Chris Scott,1967,Guitar,Pop Stars
Chris Brown,1993,Keyboard,Country Roads
Sarah Young,1997,Drums,Jazz Masters
Jane Nelson,1984,Drums,Metal Heads
Emily Scott,1995,Guitar,Classic Ensemble
Sophie Harris,1974,Trumpet,Jazz Masters
Chris Wilson,1971,Cello,Electro Beats
Emily Baker,2005,Harp,Metal Heads
Daniel Wright,2005,Guitar,The Rockers
John Martin,2005,Drums,Reggae Roots
Chris Brown,1974,Violin,Metal Heads
Emily Baker,2004,Guitar,Classic Ensemble
Emily Evans,1994,Cello,Jazz Masters
Joshua Scott,2005,Guitar,Jazz Masters
Emily Harris,1970,Guitar,Jazz Masters
Chris Wright,2002,Trumpet,Metal Heads
Laura Doe,1977,Keyboard,Electro Beats
Linda Young,2004,Trumpet,The Rockers
Michael Scott,1980,Violin,Electro Beats
Chloe Adams,2003,Harp,Classic Ensemble
Daniel Turner,1961,Keyboard,Country Roads
Chris Young,1998,Cello,Blues Crew
John Kim,1989,Drums,Metal Heads
Brian Doe,1966,Guitar,Jazz Masters
Chloe Harris,1987,Saxophone,Metal Heads
Sophie Smith,1970,Harp,Blues Crew
Olivia Scott,1961,Flute,Electro Beats
Michael Scott,1970,Keyboard,Indie Vibes
Olivia Wright,1965,Violin,The Rockers
David Kim,1967,Cello,Pop Stars
David King,1961,Cello,Electro Beats
Grace Brown,1981,Drums,Pop Stars
Daniel Brown,2002,Guitar,Electro Beats
Jane Kim,2003,Saxophone,Reggae Roots
Laura Adams,1994,Bass,Pop Stars
Sarah Wilson,1987,Bass,Jazz Masters
Jane King,1973,Violin,Pop Stars
Alex Evans,2003,Violin,Blues Crew
James Green,1977,Cello,Electro Beats
Jane Wilson,1978,Keyboard,Country Roads
James Kim,1998,Drums,Country Roads
Emma Lee,1988,Guitar,Country Roads
Michael Smith,1962,Guitar,Blues Crew
Chris Clark,1977,Flute,Electro Beats
Emma Harris,1963,Flute,Electro Beats
John Brown,1998,Violin,Jazz Masters
Emma Wright,1988,Saxophone,Jazz Masters
David King,1985,Cello,Country Roads
Jane King,1964,Violin,Pop Stars
Daniel Young,1968,Cello,Classic Ensemble
Daniel Wright,1979,Violin,Jazz Masters
Matthew Young,1961,Violin,Reggae Roots
Emily Scott,1970,Harp,Pop Stars
Sarah Adams,1977,Keyboard,Electro Beats
Joshua Baker,1980,Drums,Country Roads
Chloe Brown,1962,Harp,The Rockers
David Scott,1962,Keyboard,Jazz Masters
John Adams,1983,Bass,Indie Vibes
Joshua Scott,2001,Harp,Country Roads
Chris Smith,1987,Flute,Classic Ensemble
Sophie Scott,1984,Drums,Blues Crew
Emily Evans,1984,Bass,Blues Crew
Chris Brown,2003,Drums,Pop Stars
Chris Evans,1995,Violin,Reggae Roots
Linda Clark,1999,Guitar,Jazz Masters
Brian Doe,1966,Flute,Reggae Roots
Daniel Smith,1984,Violin,Blues Crew
Joshua Evans,1981,Harp,Country Roads
Chloe Brown,1961,Keyboard,Jazz Masters
Chris Clark,1960,Violin,The Rockers
Laura King,1999,Bass,The Rockers
Matthew Nelson,1994,Trumpet,The Rockers
James King,2003,Drums,Indie Vibes
Joshua Wright,1984,Bass,Classic Ensemble
Emma Evans,1976,Flute,Electro Beats
Sophie Smith,1978,Violin,Electro Beats
James Martin,1998,Saxophone,Indie Vibes
Chloe Evans,1972,Trumpet,Pop Stars
Chris Evans,1993,Drums,The Rockers
Michael Scott,1999,Trumpet,Reggae Roots
Alex Green,1970,Cello,Jazz Masters
Emma Wright,1974,Flute,The Rockers
Sarah Hall,1996,Drums,The Rockers
Chris Young,1976,Bass,Pop Stars
Joshua Clark,1994,Violin,Reggae Roots
Chris Clark,1987,Flute,Blues Crew
Alex Lee,1990,Harp,Metal Heads
Chloe Evans,2000,Bass,Pop Stars
Alex Nelson,2002,Bass,Pop Stars
Sophie Harris,2000,Drums,Classic Ensemble
Alex Brown,1986,Harp,Indie Vibes
Brian Martin,2004,Cello,Jazz Masters
Laura King,1982,Keyboard,Classic Ensemble
Emily Wright,1996,Cello,The Rockers
Michael Clark,1969,Harp,Country Roads
Olivia Lee,1970,Trumpet,Metal Heads
Emily Baker,1986,Saxophone,Electro Beats
Sarah Kim,1962,Drums,Jazz Masters
Sophie Nelson,1984,Violin,Jazz Masters
Michael Baker,1969,Saxophone,Country Roads
Grace Doe,1988,Bass,Reggae Roots
Chloe Smith,1960,Bass,Metal Heads
Grace Nelson,1986,Flute,Reggae Roots
Joshua Hall,1967,Trumpet,Indie Vibes
Daniel Wright,2001,Drums,Pop Stars
David Doe,1989,Guitar,Electro Beats
James Harris,1984,Flute,Indie Vibes
James Hall,1961,Violin,Indie Vibes
Chris Smith,1973,Drums,Reggae Roots
John Wilson,1966,Keyboard,Classic Ensemble
Chloe Doe,1972,Bass,Classic Ensemble
Chris Turner,1987,Flute,Indie Vibes
Emily Brown,1992,Bass,Metal Heads
Matthew Adams,1988,Drums,Jazz Masters
Laura Young,1990,Flute,Indie Vibes
Michael Harris,1984,Bass,Blues Crew
Grace Turner,1984,Cello,Electro Beats
Alex Smith,1960,Bass,Jazz Masters
James Baker,1973,Guitar,The Rockers
David Martin,1962,Trumpet,Electro Beats
James Hall,1988,Keyboard,Blues Crew
James Martin,1974,Saxophone,Blues Crew
David Doe,1968,Trumpet,Reggae Roots
Laura Adams,1965,Cello,Electro Beats
Daniel Evans,2004,Violin,Metal Heads
Chloe Doe,1988,Drums,The Rockers
James Wilson,1962,Violin,Reggae Roots
Brian Turner,1986,Cello,Indie Vibes
Daniel Young,1990,Cello,Classic Ensemble
Laura Baker,1961,Guitar,The Rockers
Joshua Brown,1961,Flute,Reggae Roots
Matthew Martin,1970,Keyboard,Pop Stars
Emma Baker,1990,Harp,Pop Stars
Linda Kim,1997,Guitar,Jazz Masters
Emily Smith,1981,Cello,Metal Heads
Sarah Turner,1981,Drums,Country Roads
Sarah Adams,1990,Violin,Electro Beats
Linda King,1998,Saxophone,Country Roads
Emily Brown,1980,Flute,Electro Beats
Michael Doe,2004,Trumpet,Reggae Roots
Chloe Scott,1964,Saxophone,Pop Stars
Brian Clark,1975,Guitar,Country Roads
Olivia Brown,2000,Keyboard,Jazz Masters
James King,1992,Cello,Classic Ensemble
Linda Lee,1985,Harp,Electro Beats
Sarah Lee,1984,Drums,Pop Stars
Michael Adams,1985,Trumpet,Classic Ensemble
Linda Doe,1985,Guitar,The Rockers
John Doe,1992,Trumpet,Country Roads
Sarah Brown,1977,Harp,Electro Beats
John Adams,1969,Bass,Indie Vibes
Laura Scott,2005,Trumpet,The Rockers
Jane Green,1969,Flute,The Rockers
Brian Smith,1992,Guitar,Blues Crew
James Wright,1974,Saxophone,The Rockers
John Scott,1981,Harp,Metal Heads
Laura Adams,1996,Violin,Jazz Masters
Emily King,1975,Flute,Electro Beats
Joshua Wilson,1997,Harp,The Rockers
Sophie Brown,1968,Violin,Reggae Roots
Grace Turner,1970,Drums,Metal Heads
Matthew Harris,1974,Saxophone,Pop Stars
Chloe Nelson,2002,Violin,Pop Stars
Sophie Nelson,2001,Keyboard,Jazz Masters
Olivia Green,1998,Drums,Blues Crew
Emma Nelson,1966,Keyboard,Electro Beats
Brian Lee,1970,Saxophone,Indie Vibes
Matthew Evans,1975,Drums,Country Roads
Laura Turner,1978,Drums,Reggae Roots
Sophie Turner,1976,Harp,Pop Stars
John Harris,1967,Harp,Jazz Masters
Jane Evans,1987,Keyboard,Indie Vibes
Chloe Doe,1977,Flute,Classic Ensemble
Grace Adams,2005,Drums,Jazz Masters
Olivia Wilson,1992,Keyboard,Reggae Roots
Emily Wright,1974,Saxophone,Pop Stars
Linda Nelson,1987,Trumpet,Reggae Roots
David King,1977,Saxophone,Reggae Roots
Alex Hall,1967,Saxophone,Electro Beats
Matthew Baker,1971,Saxophone,Metal Heads
Sophie Lee,1978,Trumpet,Jazz Masters
John Kim,1972,Guitar,Blues Crew
Emma Evans,1971,Flute,Metal Heads
Matthew Doe,1971,Bass,Indie Vibes
Laura Brown,2004,Bass,Jazz Masters
James Brown,1980,Flute,Country Roads
David Green,1972,Drums,Country Roads
Linda Clark,1988,Bass,Country Roads
Sarah Evans,1974,Drums,Blues Crew
John Lee,1971,Flute,Classic Ensemble
Chris Turner,1977,Guitar,Reggae Roots
Chloe Nelson,1970,Violin,Pop Stars
Chloe Doe,1982,Saxophone,Indie Vibes
Michael Evans,1999,Drums,Blues Crew
Michael Baker,1961,Drums,Classic Ensemble
Linda Clark,1973,Trumpet,The Rockers
Sophie Young,1967,Bass,Jazz Masters
Grace Hall,1960,Flute,Metal Heads
Joshua Wright,1970,Bass,The Rockers
Sophie Martin,1969,Saxophone,Electro Beats
Emily Doe,1997,Saxophone,Reggae Roots
Linda Nelson,1998,Saxophone,Country Roads
Olivia Adams,1981,Guitar,Pop Stars
Joshua Wilson,1985,Keyboard,Indie Vibes
Matthew Hall,1963,Cello,Pop Stars
Emma Scott,1994,Saxophone,Reggae Roots
Sarah Kim,1970,Cello,Classic Ensemble
Emma Turner,1983,Trumpet,Indie Vibes
John King,1968,Harp,Metal Heads
Jane Kim,1967,Keyboard,Reggae Roots
Alex Scott,1983,Keyboard,Classic Ensemble
Alex Green,2001,Violin,The Rockers
David Kim,1993,Keyboard,Blues Crew
Sophie Martin,1999,Trumpet,Metal Heads
Brian Brown,1989,Keyboard,The Rockers
James King,1996,Bass,Electro Beats
David Wilson,1979,Flute,Electro Beats
Brian Kim,1991,Drums,The Rockers
Jane Lee,1994,Flute,Indie Vibes
David Kim,2004,Trumpet,Classic Ensemble
David Martin,1988,Cello,Blues Crew
Alex Harris,2000,Bass,Reggae Roots
Grace Brown,1962,Saxophone,Classic Ensemble
Emily Turner,2004,Keyboard,Blues Crew
James Scott,1991,Flute,Reggae Roots
Emma Wilson,1987,Keyboard,Classic Ensemble
Brian King,1966,Cello,Blues Crew
Laura Turner,1983,Saxophone,The Rockers
Joshua Evans,1974,Guitar,Pop Stars
Joshua Wright,1985,Flute,Electro Beats
Matthew Evans,1966,Saxophone,Indie Vibes
Jane Hall,1979,Bass,Reggae Roots
Sarah Kim,1980,Trumpet,Country Roads
David Turner,1999,Trumpet,Reggae Roots
Emily Smith,1967,Drums,Metal Heads
Michael Kim,1962,Cello,Metal Heads
Daniel Young,1963,Cello,Indie Vibes
Laura Green,1967,Keyboard,Jazz Masters
Sophie Scott,1986,Trumpet,Classic Ensemble
James Evans,1990,Flute,Electro Beats
Daniel Evans,1992,Guitar,Jazz Masters
Sarah Lee,1966,Trumpet,Classic Ensemble
Jane Harris,2004,Guitar,Indie Vibes
David Baker,1977,Drums,Classic Ensemble
Daniel Harris,1968,Saxophone,Classic Ensemble
Chris Brown,1989,Bass,Reggae Roots
Alex Adams,1984,Cello,Pop Stars
David Baker,2005,Flute,Indie Vibes
Sophie Young,1992,Violin,Indie Vibes
Michael Kim,1989,Drums,Metal Heads
Olivia Baker,1964,Harp,Country Roads
Matthew Nelson,2005,Keyboard,Electro Beats
Laura Wilson,1968,Guitar,Indie Vibes
Alex Doe,1963,Flute,Country Roads
Linda King,2005,Harp,The Rockers
Grace Evans,1980,Saxophone,Metal Heads
James Turner,1984,Flute,Electro Beats
Grace Kim,1978,Keyboard,Pop Stars
Olivia Baker,1991,Keyboard,Pop Stars
Jane Smith,1992,Trumpet,Pop Stars
Olivia Baker,1975,Bass,Jazz Masters
David Clark,1989,Harp,Jazz Masters
James Baker,1997,Flute,Pop Stars
Michael Wilson,1960,Cello,Indie Vibes
Daniel Baker,1996,Cello,Country Roads
Jane Doe,1984,Guitar,Reggae Roots
Matthew Doe,1987,Drums,Country Roads
Emily Evans,1960,Cello,Country Roads
Emma Doe,1967,Violin,Jazz Masters
Emily Wright,1960,Flute,Electro Beats
Laura Doe,1990,Cello,Pop Stars
Michael Wright,2000,Violin,Blues Crew
Jane Hall,1969,Violin,Metal Heads
Chris Lee,1964,Violin,Indie Vibes
Matthew Lee,1962,Drums,Metal Heads
Michael Harris,1965,Guitar,Pop Stars
Joshua Adams,1965,Harp,Jazz Masters
David Lee,1994,Bass,Electro Beats
Grace Brown,1994,Trumpet,The Rockers
James Young,1976,Cello,Pop Stars
Chris Clark,1965,Saxophone,Blues Crew
Chris Harris,1992,Guitar,Indie Vibes
Emily Young,1992,Drums,The Rockers
Sophie Nelson,1985,Harp,Pop Stars
Brian Green,1981,Saxophone,Classic Ensemble
Emma Baker,2003,Drums,Classic Ensemble
Laura Hall,1967,Trumpet,Reggae Roots
Grace Martin,1976,Flute,Jazz Masters
Sophie Baker,1970,Keyboard,Indie Vibes
Emma Martin,1993,Harp,Indie Vibes
Linda Smith,1966,Guitar,Electro Beats
Alex Clark,1978,Keyboard,Reggae Roots
Olivia Turner,2005,Trumpet,Blues Crew
John Turner,1977,Violin,Metal Heads
Sarah Lee,1989,Cello,The Rockers
John Brown,1998,Saxophone,The Rockers
Chloe Adams,1989,Drums,Country Roads
Matthew Lee,1989,Flute,Pop Stars
Laura Baker,2000,Cello,Indie Vibes
Chloe Evans,1967,Cello,Pop Stars
Emily Kim,2003,Keyboard,Blues Crew
Laura Scott,1968,Drums,Pop Stars
Daniel King,1996,Keyboard,Jazz Masters
Linda Clark,1987,Harp,The Rockers
Brian King,1985,Saxophone,Jazz Masters
Matthew Evans,1988,Violin,The Rockers
Sophie Scott,2003,Guitar,The Rockers
Olivia Brown,1962,Harp,Electro Beats
Emily Scott,1969,Guitar,Reggae Roots
Joshua Baker,1972,Guitar,Blues Crew
Laura Scott,1999,Trumpet,Reggae Roots
Brian Clark,1970,Drums,The Rockers
Alex Nelson,1983,Saxophone,Indie Vibes
Emily Smith,1984,Trumpet,Blues Crew
Emma Brown,1986,Violin,The Rockers
Chloe Harris,1991,Violin,Electro Beats
Emma Nelson,1962,Violin,Reggae Roots
Sophie Clark,2003,Saxophone,Indie Vibes
Emma King,1978,Drums,The Rockers
Brian Wilson,2000,Saxophone,Reggae Roots
Olivia Brown,1970,Violin,Blues Crew
Chris Brown,1998,Drums,Classic Ensemble
Sophie Clark,1960,Bass,Blues Crew
Olivia Doe,1985,Keyboard,Classic Ensemble
John Kim,1984,Bass,Reggae Roots
Matthew Harris,1991,Flute,Classic Ensemble
Chloe Smith,2003,Violin,Reggae Roots
Emma Wright,1974,Bass,Jazz Masters
Laura King,1989,Drums,Electro Beats
Sarah Evans,1965,Keyboard,The Rockers
Jane Turner,2004,Guitar,Blues Crew
David Green,1982,Drums,Metal Heads
Daniel Hall,1990,Violin,Pop Stars
Sarah Clark,1982,Cello,Classic Ensemble
Linda Clark,1961,Saxophone,The Rockers
Emma Clark,1993,Keyboard,Pop Stars
Alex Martin,1960,Harp,The Rockers
David Doe,1991,Drums,Blues Crew
Olivia Nelson,1998,Guitar,Reggae Roots
Alex Baker,1995,Saxophone,Country Roads
Emily Evans,1993,Bass,Country Roads
Emma Nelson,1999,Harp,Reggae Roots
Jane Doe,1991,Guitar,Classic Ensemble
James Smith,2004,Flute,Reggae Roots
Chris Smith,1975,Cello,Metal Heads
Grace Clark,1960,Guitar,Indie Vibes
Joshua Adams,1969,Trumpet,Indie Vibes
James Adams,1988,Keyboard,Country Roads
Linda Nelson,1990,Flute,The Rockers
Matthew Nelson,1973,Cello,Electro Beats
James Clark,1988,Flute,Classic Ensemble
Brian Scott,1962,Trumpet,Indie Vibes
Jane Kim,1968,Flute,Pop Stars
Olivia King,1968,Keyboard,Indie Vibes
Sophie Hall,1998,Flute,Indie Vibes
Chris Baker,2001,Bass,The Rockers
Chloe Kim,1963,Guitar,Reggae Roots
David Turner,1977,Guitar,Blues Crew
Sophie Wright,2000,Bass,Metal Heads
Brian Adams,1988,Drums,Classic Ensemble
Olivia Green,1974,Guitar,Blues Crew
Alex Kim,1960,Flute,Indie Vibes
Matthew King,1996,Guitar,Pop Stars
Matthew Lee,1968,Harp,Jazz Masters
Alex Hall,1961,Saxophone,Jazz Masters
Matthew Clark,1998,Saxophone,Classic Ensemble
Laura Kim,1975,Drums,Blues Crew
David Adams,1960,Bass,Reggae Roots
Olivia Evans,1995,Saxophone,Metal Heads
Emily Young,1961,Drums,Electro Beats
Sarah Wilson,1971,Harp,Classic Ensemble
Sophie Wright,1998,Flute,Classic Ensemble
Chris Adams,2000,Saxophone,Electro Beats
David Smith,1961,Drums,The Rockers
Emma Smith,1973,Bass,Reggae Roots
Chloe Green,2003,Cello,Reggae Roots
Sarah Evans,1964,Guitar,Blues Crew
John Young,1976,Saxophone,The Rockers
Brian Evans,2004,Trumpet,Indie Vibes
Olivia Smith,1988,Bass,Indie Vibes
Olivia Young,1980,Flute,Metal Heads
Emily Lee,1963,Violin,Electro Beats
James Scott,1985,Harp,Electro Beats
Chris Turner,1973,Drums,Metal Heads
Matthew Green,1996,Saxophone,Country Roads
Grace Hall,1965,Saxophone,Electro Beats
David Hall,1965,Trumpet,The Rockers
Chris Turner,1973,Guitar,Metal Heads
Olivia Green,1983,Saxophone,Reggae Roots
Alex Doe,2000,Bass,Indie Vibes
Sophie Harris,1999,Harp,Metal Heads
Brian Lee,2005,Keyboard,The Rockers
Chloe Evans,1994,Flute,Electro Beats
Grace Nelson,1997,Violin,Pop Stars
Emma Smith,1989,Keyboard,Reggae Roots
Grace Green,1970,Trumpet,Electro Beats
Laura Evans,1968,Flute,The Rockers
Grace Young,2003,Trumpet,Country Roads
Brian Smith,1999,Harp,The Rockers
Linda Scott,1987,Guitar,The Rockers
Olivia Wright,1981,Violin,Country Roads
Linda Martin,1980,Trumpet,Pop Stars
James Baker,1989,Bass,Country Roads
Olivia Turner,1965,Bass,Country Roads
Michael Harris,2000,Keyboard,Jazz Masters
Emma Brown,2001,Guitar,The Rockers
Alex Wilson,1998,Guitar,Pop Stars
Emma Turner,2003,Guitar,Pop Stars
Michael Baker,1979,Guitar,Reggae Roots
Laura Wilson,1989,Guitar,Electro Beats
Laura Evans,1989,Keyboard,Electro Beats
Alex Baker,1999,Bass,Electro Beats
James Harris,1978,Keyboard,Classic Ensemble
Emma Martin,1964,Guitar,Classic Ensemble
John Harris,1988,Harp,Indie Vibes
Emma Turner,1971,Cello,Blues Crew
Chloe Wilson,2004,Keyboard,Country Roads
Emma Nelson,1993,Harp,Metal Heads
Jane Doe,1973,Drums,Pop Stars
John Smith,2004,Trumpet,Country Roads
Sophie Hall,1997,Violin,Jazz Masters
Chloe Young,2005,Trumpet,Classic Ensemble
Brian Kim,1971,Trumpet,Electro Beats
Michael Hall,1973,Harp,The Rockers
Michael Clark,1964,Cello,Electro Beats
Jane Wright,1991,Violin,Indie Vibes
James Kim,1964,Bass,Blues Crew
Chris Smith,1971,Drums,Country Roads
Daniel Evans,1987,Guitar,Country Roads
Brian Wilson,1964,Cello,Metal Heads
Brian Green,1997,Harp,Country Roads
Emma King,1967,Cello,Metal Heads
Emma Hall,1985,Drums,Indie Vibes
Sophie Baker,1979,Drums,The Rockers
Alex Wright,1967,Drums,Reggae Roots
Joshua Turner,1991,Trumpet,Classic Ensemble
David Green,1966,Guitar,Reggae Roots
Matthew Wilson,1986,Saxophone,Pop Stars
Chris Harris,1983,Guitar,Blues Crew
Jane Hall,1975,Saxophone,The Rockers
Linda Turner,1978,Guitar,Reggae Roots
Jane Wright,1961,Drums,Classic Ensemble
Grace Green,1977,Bass,The Rockers
Alex Martin,1963,Cello,Metal Heads
James Turner,1985,Saxophone,Jazz Masters
David Wright,1968,Violin,Jazz Masters
Grace Clark,1990,Violin,The Rockers
Emma Turner,2005,Violin,Pop Stars
Michael Baker,1978,Bass,Pop Stars
John Turner,2001,Flute,Metal Heads
Chloe Evans,1966,Bass,Blues Crew
Matthew Wilson,1976,Saxophone,Classic Ensemble
Daniel Lee,1960,Saxophone,Metal Heads
Sarah Adams,2000,Keyboard,Reggae Roots
Brian Adams,1994,Cello,Metal Heads
James Wilson,1990,Keyboard,Pop Stars
Emma Green,1986,Saxophone,Metal Heads
Olivia Wright,1965,Keyboard,Metal Heads
Sarah Young,1983,Bass,Indie Vibes
Emily Scott,1995,Flute,Blues Crew
Joshua Lee,1977,Flute,Jazz Masters
Laura Lee,1998,Bass,The Rockers
Emily Adams,1999,Cello,Jazz Masters
Laura Hall,1993,Drums,Blues Crew
Brian Kim,1999,Bass,The Rockers
Brian Green,1963,Keyboard,Metal Heads
Olivia Wright,1987,Violin,Country Roads
Joshua Scott,1998,Saxophone,Reggae Roots
Grace Evans,1996,Cello,The Rockers
Alex Martin,1987,Saxophone,Classic Ensemble
Emma Evans,1984,Flute,Pop Stars
Alex Turner,1971,Harp,Electro Beats
Alex Harris,1986,Guitar,Reggae Roots
Joshua Young,1992,Harp,Pop Stars
Matthew Doe,1988,Saxophone,Pop Stars
Jane Young,1994,Saxophone,Classic Ensemble
Laura Wright,1983,Flute,Indie Vibes
Linda Nelson,1969,Violin,Country Roads
Emily King,1981,Trumpet,Pop Stars
Brian Kim,1967,Saxophone,Pop Stars
Chloe Lee,1988,Trumpet,The Rockers
Brian Scott,1985,Cello,Indie Vibes
David Evans,1970,Bass,Electro Beats
Linda Nelson,1962,Saxophone,Pop Stars
Olivia Martin,1960,Trumpet,Pop Stars
James Baker,1980,Violin,Classic Ensemble
James Scott,1968,Keyboard,The Rockers
Laura Hall,1997,Drums,Reggae Roots
Michael Wilson,1972,Keyboard,Electro Beats
Emily Clark,1988,Violin,Reggae Roots
Joshua Young,1981,Keyboard,Country Roads
Chris Turner,2000,Harp,Jazz Masters
Emily Brown,1983,Keyboard,Reggae Roots
Brian Martin,1976,Guitar,Country Roads
Sarah Wright,1961,Harp,Electro Beats
John Martin,2003,Violin,Pop Stars
Chloe Martin,1991,Cello,Country Roads
Grace King,1989,Bass,Metal Heads
Grace Adams,1992,Violin,Reggae Roots
Sarah Hall,1976,Flute,Jazz Masters
Alex Brown,1995,Cello,The Rockers
Daniel Young,1977,Saxophone,Blues Crew
Michael Nelson,1994,Harp,Indie Vibes
Laura Wilson,1982,Flute,Electro Beats
Grace Harris,1996,Saxophone,Electro Beats
Grace Turner,1979,Cello,Metal Heads
Olivia Nelson,1970,Cello,The Rockers
Laura Lee,1968,Trumpet,Jazz Masters
John Turner,1979,Saxophone,Classic Ensemble
Grace Green,1970,Trumpet,Jazz Masters
Chris Martin,1980,Trumpet,Country Roads
Matthew Doe,2000,Trumpet,Electro Beats
Brian Lee,1971,Keyboard,Reggae Roots
Michael Green,1994,Trumpet,The Rockers
Laura Baker,1982,Flute,Country Roads
Chris Harris,1965,Trumpet,Metal Heads
Emma Doe,1976,Violin,Metal Heads
Sarah Adams,1967,Bass,The Rockers
Joshua Wilson,1976,Harp,Metal Heads
Linda Hall,2005,Drums,Classic Ensemble
Jane King,1960,Trumpet,Metal Heads
Linda Kim,1970,Bass,Metal Heads
John Martin,1996,Drums,Metal Heads
David Evans,1995,Drums,Reggae Roots
Daniel Baker,1987,Harp,Classic Ensemble
David Adams,1990,Cello,Classic Ensemble
Emily Hall,1987,Violin,The Rockers
John Brown,1973,Drums,Metal Heads
Joshua King,1969,Saxophone,Jazz Masters
James Hall,1986,Trumpet,Metal Heads
Chloe Evans,1986,Bass,Classic Ensemble
Olivia Harris,2004,Bass,Indie Vibes
Emily Hall,1981,Keyboard,Indie Vibes
David Wilson,1986,Harp,Classic Ensemble
Alex Doe,1977,Keyboard,Country Roads
Emma Harris,1980,Saxophone,The Rockers
Emma Martin,1974,Guitar,Country Roads
Alex Turner,1979,Cello,Pop Stars
Laura Hall,1974,Guitar,Reggae Roots
Chloe Doe,1968,Guitar,Metal Heads
John Turner,1966,Guitar,Country Roads
Alex Scott,1968,Saxophone,Jazz Masters
Daniel Harris,1988,Keyboard,Classic Ensemble
Olivia Evans,1996,Flute,Blues Crew
Daniel Doe,1968,Drums,Blues Crew
Daniel Harris,2005,Drums,Jazz Masters
Matthew Turner,2003,Trumpet,Country Roads
Grace Smith,1982,Keyboard,Reggae Roots
Emily Lee,1987,Guitar,Classic Ensemble
James Turner,1970,Drums,Classic Ensemble
Sarah Baker,1997,Flute,Metal Heads
Matthew Martin,1987,Violin,Indie Vibes
Emily Turner,1992,Drums,Electro Beats
Laura Turner,1960,Cello,Indie Vibes
Chris Scott,1965,Bass,Blues Crew
Jane Brown,2001,Guitar,Metal Heads
Linda Young,1970,Flute,Metal Heads
Laura Evans,1985,Cello,Pop Stars
Emma Evans,1966,Saxophone,The Rockers
Chris Adams,1975,Saxophone,Indie Vibes
James King,2001,Harp,Pop Stars
Brian Martin,1991,Cello,Metal Heads
Linda Brown,2005,Harp,Metal Heads
Sophie Evans,2005,Trumpet,Reggae Roots
Olivia Hall,1974,Flute,Jazz Masters
Grace Smith,1973,Keyboard,Indie Vibes
Michael Nelson,1994,Flute,Jazz Masters
Grace Doe,1984,Bass,The Rockers
Matthew King,1993,Flute,Country Roads
Grace Hall,1991,Bass,Indie Vibes
Emily Evans,1962,Drums,Country Roads
Matthew Wright,2002,Saxophone,Country Roads
Brian Wright,1979,Keyboard,Indie Vibes
Sophie Clark,1982,Violin,Blues Crew
Michael Clark,2000,Drums,Blues Crew
Laura Clark,2000,Violin,Indie Vibes
David Clark,1973,Saxophone,Indie Vibes
Sarah Wilson,1965,Bass,Classic Ensemble
Sarah Turner,1962,Keyboard,Indie Vibes
Chris Wilson,1960,Trumpet,Pop Stars
Sophie Green,1976,Violin,Classic Ensemble
Brian Green,1987,Drums,Blues Crew
Olivia Nelson,1987,Cello,Indie Vibes
Grace Baker,1980,Violin,Blues Crew
Jane Brown,1969,Violin,Classic Ensemble
Linda Nelson,1973,Cello,The Rockers
Olivia Nelson,1961,Keyboard,Reggae Roots
Jane Adams,1967,Drums,Indie Vibes
Brian Smith,1967,Violin,Classic Ensemble
Michael Green,2000,Bass,Blues Crew
Chloe Clark,1981,Cello,Country Roads
Joshua Young,1988,Bass,Metal Heads
Linda Doe,1985,Drums,Pop Stars
Emma Doe,1978,Flute,Reggae Roots
Linda Clark,1965,Drums,Electro Beats
Michael Wright,1997,Bass,Pop Stars
David Smith,1982,Guitar,Metal Heads
Laura Young,1977,Trumpet,Pop Stars
Daniel Doe,1967,Drums,Jazz Masters
James Wright,1978,Cello,Pop Stars
Chris Wright,1964,Flute,Classic Ensemble
Alex Turner,2003,Trumpet,Classic Ensemble
Daniel Doe,1993,Harp,Classic Ensemble
Linda Young,1992,Violin,Pop Stars
David Hall,1999,Drums,Indie Vibes
Chris Wilson,1993,Guitar,Jazz Masters
Grace Scott,1999,Bass,Blues Crew
Alex Wilson,1965,Bass,Metal Heads
Brian Evans,1981,Drums,Electro Beats
Jane Scott,1995,Harp,Blues Crew
Brian Adams,1983,Guitar,Electro Beats
Olivia Wright,1981,Trumpet,Jazz Masters
Olivia Wilson,1986,Bass,Blues Crew
Jane Scott,1961,Keyboard,Reggae Roots
Alex Harris,2003,Harp,Classic Ensemble
Alex Baker,1970,Drums,Metal Heads
Alex Wright,1964,Trumpet,Indie Vibes
Daniel Martin,1978,Violin,Jazz Masters
Grace Harris,1970,Bass,Blues Crew
Brian Nelson,2004,Cello,Country Roads
Alex Smith,1969,Flute,Electro Beats
Grace Evans,1969,Bass,Jazz Masters
John Smith,1992,Bass,Blues Crew
Chris Smith,1967,Cello,Jazz Masters
James Young,1973,Bass,The Rockers
Joshua Turner,1980,Cello,Metal Heads
Daniel Adams,1985,Harp,Classic Ensemble
Chloe Brown,1993,Drums,Electro Beats
Emma Evans,1982,Guitar,Jazz Masters
James Harris,1987,Saxophone,Classic Ensemble
Alex Wright,1964,Violin,Indie Vibes
Jane Scott,1978,Bass,Blues Crew
Sophie King,1999,Trumpet,Indie Vibes
Chloe Wright,1982,Cello,Electro Beats
Brian Adams,1977,Flute,Indie Vibes
Chris Kim,2001,Saxophone,Electro Beats
James Hall,1967,Saxophone,The Rockers
James Green,1989,Keyboard,Pop Stars
Olivia Martin,1960,Drums,Indie Vibes
James Lee,1961,Cello,Country Roads
Linda Kim,2001,Saxophone,Blues Crew
Chloe Clark,1969,Guitar,Pop Stars
Grace Wilson,1967,Flute,Classic Ensemble
Joshua Lee,1965,Harp,Electro Beats
Sophie Brown,1978,Saxophone,Classic Ensemble
John Scott,2000,Keyboard,Electro Beats
John Green,1990,Guitar,Blues Crew
Laura King,1998,Flute,Reggae Roots
Alex Lee,1995,Harp,Classic Ensemble
Chris Wilson,1965,Flute,Classic Ensemble
Daniel Baker,1969,Cello,Country Roads
Matthew King,2005,Harp,Indie Vibes
Joshua Nelson,2005,Flute,Metal Heads
Chris Green,1972,Flute,Pop Stars
Chloe Clark,1971,Saxophone,The Rockers
Jane Wright,1979,Guitar,Indie Vibes
Emma Brown,1999,Cello,Electro Beats
Daniel Hall,1980,Saxophone,Pop Stars
Chloe King,1965,Keyboard,Country Roads
Olivia Clark,1994,Violin,Country Roads
Brian Kim,1975,Harp,Classic Ensemble
Michael Turner,1990,Cello,Metal Heads
David Scott,1986,Cello,Classic Ensemble
Alex Nelson,1988,Guitar,Reggae Roots
Joshua Smith,1997,Harp,Blues Crew
Laura Martin,1992,Cello,Indie Vibes
Emily Adams,1988,Saxophone,Metal Heads
Sarah Clark,1968,Cello,Classic Ensemble
Laura Scott,2005,Harp,Metal Heads
James Evans,1963,Guitar,Classic Ensemble
James Nelson,1974,Keyboard,Indie Vibes
David Smith,1976,Cello,Pop Stars
Olivia Turner,1987,Saxophone,Indie Vibes
Emma Hall,1965,Cello,Blues Crew
James Lee,1973,Keyboard,Classic Ensemble
Emily Brown,2001,Keyboard,Classic Ensemble
Daniel Baker,1988,Bass,Country Roads
Chloe Turner,1961,Violin,The Rockers
Joshua Wilson,2000,Saxophone,Metal Heads
Linda Harris,1983,Bass,Classic Ensemble
Daniel Clark,1976,Bass,Blues Crew
Grace Scott,1986,Saxophone,Classic Ensemble
Daniel Evans,1977,Cello,Electro Beats
Emma Scott,1977,Drums,The Rockers
Grace Lee,2002,Harp,The Rockers
John Scott,1994,Bass,Classic Ensemble
James Evans,1992,Harp,Pop Stars
John Smith,1986,Cello,Jazz Masters
Sophie Clark,2001,Violin,Country Roads
Laura Evans,2002,Keyboard,Metal Heads
Grace Baker,1974,Flute,Reggae Roots
Daniel Wright,1983,Keyboard,Jazz Masters
Joshua Young,1975,Trumpet,Reggae Roots
Jane Harris,1962,Flute,Country Roads
Joshua Wilson,1968,Trumpet,Classic Ensemble
John Brown,1991,Saxophone,Indie Vibes
Sarah Harris,1999,Saxophone,The Rockers
Chris Adams,1994,Drums,Blues Crew
Sophie King,1979,Flute,Reggae Roots
Daniel Smith,2000,Saxophone,Jazz Masters
Joshua Brown,1996,Bass,Jazz Masters
Laura Nelson,1963,Bass,Indie Vibes
Michael Green,1961,Violin,Metal Heads
Emma Scott,1996,Violin,Classic Ensemble
Michael Baker,1972,Trumpet,Reggae Roots
John Brown,1972,Harp,Electro Beats
Olivia Kim,1999,Drums,Reggae Roots
Michael Lee,1980,Violin,Electro Beats
Emma Kim,1964,Cello,The Rockers
Brian Harris,1996,Keyboard,Jazz Masters
Sophie Nelson,1963,Cello,Pop Stars
Grace Lee,1982,Bass,Blues Crew
Jane Lee,1973,Guitar,Classic Ensemble
Laura Evans,1996,Guitar,Jazz Masters
Daniel Green,1970,Harp,Country Roads
David Wright,2000,Saxophone,Pop Stars
Linda Harris,1969,Bass,Classic Ensemble
Michael Scott,1975,Trumpet,Blues Crew
Joshua Baker,1983,Drums,Reggae Roots
Daniel Hall,1980,Drums,Indie Vibes
Joshua Nelson,1996,Flute,Pop Stars
Sarah Martin,1984,Saxophone,Country Roads
Olivia Baker,1967,Trumpet,The Rockers
Joshua Brown,1975,Violin,Classic Ensemble
Olivia Baker,1993,Keyboard,Blues Crew
Laura Hall,2000,Cello,Reggae Roots
Grace Green,1990,Bass,Indie Vibes
Chris Hall,1982,Guitar,Reggae Roots
Linda Evans,1998,Saxophone,Jazz Masters
Brian Hall,1975,Drums,Classic Ensemble
Laura Harris,1976,Violin,Country Roads
Michael Lee,1963,Flute,Blues Crew
Brian Nelson,1987,Violin,Electro Beats
Laura Evans,1991,Harp,Blues Crew
Michael Lee,2005,Bass,Pop Stars
Jane Green,1999,Bass,Reggae Roots
Grace Doe,1977,Flute,Indie Vibes
Brian Lee,1961,Harp,Pop Stars
Joshua Hall,1983,Flute,Blues Crew
Sophie Kim,2004,Cello,Classic Ensemble
Joshua Clark,2001,Bass,Metal Heads
Daniel Adams,1963,Harp,Country Roads
Matthew Smith,1984,Cello,Blues Crew
Michael Lee,1980,Trumpet,Indie Vibes
Matthew Adams,1963,Saxophone,Reggae Roots
Sophie Hall,2005,Guitar,The Rockers
Sarah King,1981,Saxophone,The Rockers
David King,1964,Saxophone,Electro Beats
Olivia Clark,1960,Saxophone,Metal Heads
Emma Clark,1993,Bass,Jazz Masters
Sophie Wilson,1966,Saxophone,Classic Ensemble
Sophie Scott,1972,Harp,Indie Vibes
James Adams,1975,Drums,Jazz Masters
John Nelson,1964,Drums,Country Roads
Matthew Scott,1974,Bass,Reggae Roots
Matthew Young,1983,Bass,Country Roads
Olivia Wilson,1995,Trumpet,Electro Beats
Jane Wilson,2002,Keyboard,Pop Stars
Matthew Clark,2003,Trumpet,The Rockers
Laura Brown,1984,Keyboard,Country Roads
Chris Scott,2005,Bass,Electro Beats
Daniel Doe,1969,Flute,Pop Stars
Chris Brown,1991,Keyboard,Classic Ensemble
James King,1967,Guitar,Electro Beats
Jane Martin,2004,Saxophone,Classic Ensemble
Emma Baker,1997,Guitar,Blues Crew
Chris Wilson,2003,Saxophone,Electro Beats
Brian Harris,1991,Guitar,Country Roads
Emily Smith,1991,Bass,Country Roads
Chloe King,1965,Flute,Country Roads
Michael Clark,1981,Violin,Country Roads
Sophie Harris,1969,Bass,Blues Crew
Chris Scott,2001,Flute,The Rockers
Emma Nelson,1988,Guitar,Electro Beats
Laura Doe,1973,Bass,Jazz Masters
Michael Doe,2004,Keyboard,The Rockers
David Scott,1999,Guitar,Metal Heads
Jane Turner,1983,Drums,Indie Vibes
John Lee,1981,Trumpet,Jazz Masters
Linda Martin,1971,Saxophone,The Rockers
Sarah Martin,1966,Drums,Jazz Masters
Linda Lee,1977,Saxophone,Classic Ensemble
James Scott,1972,Drums,Blues Crew
David Wilson,1969,Flute,Classic Ensemble
Daniel Turner,1979,Bass,Country Roads
John Martin,2002,Flute,Indie Vibes
Michael Turner,1994,Harp,Jazz Masters
John Young,1962,Saxophone,Pop Stars
Chris Kim,1982,Saxophone,Electro Beats
David Scott,1993,Violin,Jazz Masters
Michael Evans,1994,Saxophone,Electro Beats
Linda Baker,1975,Keyboard,Jazz Masters
Michael Green,1975,Cello,Country Roads
Sarah Martin,1967,Bass,Classic Ensemble
Alex Hall,1960,Guitar,Pop Stars
Brian Brown,2002,Flute,Indie Vibes
Alex Brown,2000,Flute,Reggae Roots
Jane Clark,1973,Saxophone,Blues Crew
Chris Harris,1990,Saxophone,Reggae Roots
John Evans,2005,Drums,Blues Crew
Michael Nelson,1993,Guitar,Blues Crew
Sophie Clark,1978,Flute,Blues Crew
James Doe,1979,Guitar,Electro Beats
Laura Evans,1977,Flute,Reggae Roots
Grace King,1980,Trumpet,Classic Ensemble
Emma Kim,1996,Saxophone,Indie Vibes
Brian Doe,2000,Saxophone,Pop Stars
James Kim,1991,Bass,The Rockers
Matthew King,1975,Bass,Reggae Roots
Joshua Hall,1999,Guitar,The Rockers
Olivia Green,2002,Keyboard,The Rockers
Emily Smith,1986,Violin,Blues Crew
Alex Baker,1981,Drums,Indie Vibes
Grace Smith,1991,Keyboard,Reggae Roots
Emily Clark,1985,Bass,Electro Beats
Emma Smith,1989,Bass,Indie Vibes
Jane Wright,1971,Trumpet,Jazz Masters
Chris Adams,1987,Guitar,Classic Ensemble
Michael Clark,1968,Violin,Metal Heads
Alex Smith,1977,Violin,Metal Heads
Linda Adams,1987,Harp,Indie Vibes
Brian Martin,1983,Harp,Pop Stars
Alex Brown,1997,Cello,Pop Stars
Emma Hall,1970,Cello,Pop Stars
Emma King,1974,Guitar,Pop Stars
Grace Scott,1986,Trumpet,The Rockers
Matthew Smith,1998,Flute,Jazz Masters
Jane Baker,1969,Saxophone,Electro Beats
Olivia Green,1980,Trumpet,The Rockers
Laura Adams,1961,Keyboard,Reggae Roots
Emily Turner,1981,Drums,Country Roads
David Brown,1964,Bass,Metal Heads
Grace Green,1993,Flute,Electro Beats
Chloe Adams,1989,Guitar,The Rockers
Daniel Hall,1975,Guitar,Indie Vibes
Daniel Nelson,1983,Harp,Country Roads
Joshua Clark,1998,Drums,Indie Vibes
Chris Doe,1995,Keyboard,Indie Vibes
Laura Kim,2002,Keyboard,Pop Stars
David Wilson,2004,Keyboard,Reggae Roots
Emma Smith,1997,Violin,Metal Heads
Alex Wilson,1966,Harp,Jazz Masters
Emma Adams,1998,Trumpet,Classic Ensemble
Matthew Wright,1960,Trumpet,Classic Ensemble
Emily Doe,1978,Cello,Jazz Masters
John Doe,1960,Drums,Blues Crew
David Kim,1974,Bass,Electro Beats
James Clark,2003,Violin,Metal Heads
Sophie Smith,2000,Violin,Metal Heads
Chris Young,1996,Keyboard,Country Roads
Emma Nelson,2003,Cello,Jazz Masters
Matthew Wright,1977,Keyboard,Reggae Roots
Olivia Smith,1974,Keyboard,Pop Stars
Emily Nelson,1976,Trumpet,The Rockers
Grace Turner,1988,Keyboard,Electro Beats
Linda Clark,1988,Violin,Pop Stars
Jane Green,1983,Trumpet,Jazz Masters
John Green,1964,Violin,Electro Beats
Brian Young,1977,Cello,Electro Beats
Emily Adams,1977,Bass,Reggae Roots
Laura Harris,2001,Bass,The Rockers
Emily Nelson,1966,Cello,Pop Stars
Sophie Scott,1970,Harp,Blues Crew
David Turner,1999,Flute,Blues Crew
Linda Lee,1976,Bass,Classic Ensemble
John Hall,1960,Harp,Country Roads
Laura Hall,1987,Cello,Country Roads
Daniel Clark,1966,Saxophone,The Rockers
Michael Adams,1991,Flute,Jazz Masters
John Scott,1984,Violin,Classic Ensemble
Chris Baker,1999,Violin,The Rockers
Daniel Harris,1986,Drums,The Rockers
Linda Green,2005,Flute,Blues Crew
Olivia Lee,1983,Bass,Jazz Masters
James Scott,1963,Violin,Metal Heads
Michael Evans,1972,Cello,Reggae Roots
James Doe,1983,Trumpet,Classic Ensemble
Grace King,2000,Trumpet,Blues Crew
Olivia Evans,1970,Violin,The Rockers
Jane Wright,1974,Flute,Country Roads
Olivia Clark,2003,Bass,Reggae Roots
Sarah King,2003,Harp,Reggae Roots
Linda Harris,1985,Keyboard,Jazz Masters
Sarah Wilson,2000,Violin,Country Roads
Joshua Green,1993,Guitar,Electro Beats
David Scott,1996,Keyboard,Classic Ensemble
Joshua Baker,2001,Trumpet,Blues Crew
Linda Kim,1970,Drums,Metal Heads
Chloe Brown,1966,Harp,Pop Stars
Olivia Evans,1984,Saxophone,The Rockers
Laura Clark,1968,Violin,The Rockers
Jane Green,1971,Cello,Reggae Roots
David Young,1962,Cello,Pop Stars
David Adams,1966,Drums,Blues Crew
Grace Hall,1976,Violin,Jazz Masters
Joshua Adams,2000,Trumpet,Jazz Masters
Matthew Wilson,1981,Bass,Blues Crew
Grace Hall,1971,Saxophone,Pop Stars
David Brown,1982,Keyboard,Electro Beats
Sarah Turner,1974,Bass,Jazz Masters
Linda Harris,1990,Saxophone,Metal Heads
Daniel Baker,1968,Violin,Blues Crew
Matthew Doe,1989,Harp,Blues Crew
Daniel Harris,2001,Violin,Blues Crew
Matthew Kim,1982,Cello,Jazz Masters
Emily Hall,1978,Drums,Metal Heads
Emma Young,1963,Keyboard,Country Roads
Emma Wilson,1968,Bass,The Rockers
Chris Adams,1979,Keyboard,Reggae Roots
Emma Wilson,1981,Bass,Pop Stars
Sophie Nelson,1963,Violin,Country Roads
Chris Baker,1992,Trumpet,Indie Vibes
Matthew Nelson,1969,Bass,The Rockers
Matthew Turner,1962,Cello,Indie Vibes
Alex Turner,1963,Trumpet,Indie Vibes
Daniel Martin,1992,Cello,Metal Heads
Sarah Harris,1986,Bass,Pop Stars
Emily Adams,1991,Keyboard,Electro Beats
Sarah Brown,1979,Keyboard,Electro Beats
Emma Lee,1982,Keyboard,Metal Heads
James Wilson,1987,Harp,The Rockers
Jane King,1983,Trumpet,Blues Crew
Michael Harris,1984,Trumpet,Blues Crew
Daniel Kim,2004,Bass,Reggae Roots
Emily Martin,1980,Keyboard,Electro Beats
Grace Clark,1981,Cello,Jazz Masters
Sophie Scott,1971,Guitar,Blues Crew
Sophie Baker,1992,Flute,Electro Beats
David Wright,1966,Saxophone,Country Roads
Emma Scott,1986,Cello,Blues Crew
Olivia Adams,2001,Violin,Country Roads
Laura Wright,2004,Drums,Metal Heads
Grace Harris,1991,Trumpet,Pop Stars
David Harris,1997,Guitar,Indie Vibes
Olivia King,1969,Flute,Country Roads
Alex Adams,1983,Bass,Blues Crew
Michael Wilson,1974,Trumpet,Country Roads
David King,1988,Drums,Jazz Masters
James Martin,1983,Saxophone,The Rockers
Sophie Evans,1962,Harp,Metal Heads
Sophie King,1967,Bass,Blues Crew
John Hall,1962,Cello,Electro Beats
Sophie Kim,1986,Flute,Reggae Roots
Emma King,1990,Trumpet,Classic Ensemble
Joshua King,2005,Violin,The Rockers
Grace Lee,1963,Flute,Indie Vibes
Sarah Scott,1969,Saxophone,Pop Stars
Linda Harris,2002,Drums,Country Roads
Brian Baker,1973,Trumpet,The Rockers
Linda King,1995,Keyboard,Pop Stars
Emma Hall,1961,Guitar,Classic Ensemble
Linda Martin,1989,Guitar,Reggae Roots
Joshua Brown,1981,Violin,Country Roads
Joshua Brown,1992,Harp,Metal Heads
John Lee,1960,Violin,Pop Stars
Laura Turner,1998,Flute,Classic Ensemble
Emma Baker,1963,Flute,Classic Ensemble
Sarah Evans,1994,Bass,Classic Ensemble
Chris Lee,2002,Keyboard,Metal Heads
Emma Doe,1997,Guitar,Indie Vibes
Olivia Brown,1987,Cello,Pop Stars
James King,1997,Bass,Indie Vibes
Brian Hall,1967,Harp,Classic Ensemble
Linda Nelson,1991,Drums,Electro Beats
Matthew Adams,1966,Violin,Reggae Roots
Chris Kim,1985,Violin,Jazz Masters
Jane Scott,1977,Harp,Blues Crew
Chris Wilson,2004,Bass,Jazz Masters
Grace Kim,1979,Drums,Country Roads
Laura Wilson,1978,Saxophone,Pop Stars
Alex Baker,1968,Bass,Pop Stars
Sarah Baker,1965,Flute,Jazz Masters
David Brown,1986,Guitar,Blues Crew
Jane King,1966,Trumpet,Pop Stars
Chloe Nelson,2002,Cello,The Rockers
Matthew Martin,1979,Keyboard,Pop Stars
David King,1967,Saxophone,Indie Vibes
Laura Brown,1999,Saxophone,Blues Crew
Michael Kim,1988,Bass,Classic Ensemble
Emily Evans,1998,Guitar,The Rockers
Emma Harris,1989,Drums,The Rockers
Emily Smith,2005,Cello,Country Roads
Jane Baker,1980,Flute,Electro Beats
Sophie Martin,1965,Harp,Classic Ensemble
Emma Wright,1982,Guitar,Classic Ensemble
Sarah Young,1983,Violin,Pop Stars
Daniel Lee,1999,Flute,Reggae Roots
Alex Lee,1991,Trumpet,Indie Vibes
Jane Turner,1970,Harp,Classic Ensemble
Joshua King,1990,Guitar,Country Roads
Chloe Brown,1971,Trumpet,Electro Beats
Michael Doe,1965,Violin,Country Roads
Matthew King,1992,Keyboard,Classic Ensemble
Chris Doe,1973,Drums,Blues Crew
Sophie Young,2005,Keyboard,Metal Heads
John Baker,1997,Bass,Reggae Roots
Joshua Martin,1995,Harp,Pop Stars
Sophie Nelson,1971,Bass,Metal Heads
Chris Harris,1973,Saxophone,Electro Beats
James Lee,2004,Keyboard,Reggae Roots
Michael Young,1985,Flute,Indie Vibes
Emma Doe,1960,Saxophone,Country Roads
Daniel Hall,1972,Harp,Reggae Roots
Chloe Green,1985,Flute,Jazz Masters
Grace Hall,1963,Saxophone,Classic Ensemble
Matthew Lee,2005,Keyboard,Blues Crew
David Lee,1991,Drums,Indie Vibes
John Hall,1975,Drums,Indie Vibes
Joshua Smith,1991,Flute,Metal Heads
Linda Nelson,1971,Saxophone,Jazz Masters
Daniel Smith,1960,Keyboard,Classic Ensemble
Matthew Scott,1987,Guitar,Metal Heads
Linda Nelson,1989,Cello,Jazz Masters
Joshua Martin,1978,Saxophone,Electro Beats
Daniel Smith,1969,Guitar,Country Roads
Emily Doe,1973,Cello,Jazz Masters
Michael Martin,1998,Guitar,Indie Vibes
Grace Green,2004,Keyboard,Classic Ensemble
David Scott,1961,Harp,Reggae Roots
Michael Lee,2001,Violin,Country Roads
Brian Lee,1998,Bass,Classic Ensemble
Sarah Brown,1967,Bass,Country Roads
John Turner,1991,Violin,Country Roads
Joshua Hall,2001,Trumpet,Metal Heads
Grace Smith,1985,Saxophone,Metal Heads
Sarah Clark,1970,Violin,Indie Vibes
Sarah Scott,1968,Harp,Pop Stars
Chloe Kim,1970,Guitar,The Rockers
Linda Lee,1980,Guitar,Country Roads
Grace Green,1983,Violin,Pop Stars
Alex Wright,1998,Trumpet,The Rockers
Sarah Lee,1996,Guitar,Country Roads
Grace King,1961,Violin,The Rockers
Chloe Harris,1962,Drums,Blues Crew
Emma Brown,1980,Flute,Metal Heads
Sarah Wright,1972,Bass,Classic Ensemble
David Brown,1969,Harp,Classic Ensemble
Emma Hall,1986,Flute,Jazz Masters
Emily Young,1977,Harp,Pop Stars
Emma Evans,1982,Guitar,The Rockers
Chris Baker,1999,Keyboard,Indie Vibes
Jane Kim,1974,Bass,Electro Beats
Sophie Doe,1986,Trumpet,Jazz Masters
Emma Green,1980,Flute,Jazz Masters
Daniel Wilson,1972,Guitar,Classic Ensemble
Sophie Wright,1977,Bass,Indie Vibes
James Doe,1977,Cello,Metal Heads
Matthew Smith,1977,Harp,Country Roads
Daniel Smith,2005,Harp,Jazz Masters
Alex Turner,1999,Bass,Country Roads
Sarah Turner,1986,Cello,The Rockers
James Doe,1986,Saxophone,Country Roads
Sophie Young,1968,Bass,Indie Vibes
Chloe Green,1965,Guitar,Country Roads
Emma Wilson,1967,Flute,Pop Stars
Emma Hall,1965,Drums,Blues Crew
Chris Smith,1976,Saxophone,Metal Heads
Grace Smith,1975,Drums,Classic Ensemble
Daniel Doe,1967,Flute,Reggae Roots
Sophie Green,1980,Trumpet,Reggae Roots
Brian Baker,1967,Flute,Electro Beats
Sarah Martin,1964,Cello,Classic Ensemble
Olivia Harris,1984,Trumpet,Pop Stars
Emma Brown,1974,Keyboard,Jazz Masters
Joshua King,1997,Guitar,Electro Beats
James Baker,1966,Drums,Electro Beats
Chloe Adams,1993,Guitar,Metal Heads
Michael Wilson,1987,Violin,Reggae Roots
John Green,1974,Bass,Reggae Roots
Emma Nelson,1968,Drums,Country Roads
Emma Harris,1979,Drums,Metal Heads
Brian Wright,1962,Guitar,Pop Stars
John Scott,1994,Trumpet,Pop Stars
Olivia Wright,1986,Bass,Reggae Roots
Grace Doe,1986,Harp,Jazz Masters
Laura Adams,1976,Drums,Electro Beats
Chloe Lee,1999,Drums,Country Roads
Laura Evans,1995,Trumpet,Jazz Masters
David Hall,2004,Cello,The Rockers
Brian Smith,1977,Flute,Jazz Masters
Chris Nelson,1973,Guitar,Blues Crew
Sophie Kim,1963,Trumpet,Pop Stars
Emma Clark,1992,Cello,Electro Beats
Grace Lee,1984,Harp,Classic Ensemble
Olivia Lee,1964,Trumpet,Metal Heads
Chloe King,2004,Harp,Classic Ensemble
Sarah Baker,1998,Harp,Indie Vibes
Jane Wilson,1982,Flute,Country Roads
Emma King,1995,Violin,Jazz Masters
Emma Baker,1977,Flute,Pop Stars
Daniel Clark,1982,Cello,The Rockers
Matthew Wilson,1963,Harp,Country Roads
Olivia Lee,1967,Bass,Pop Stars
Jane Harris,2005,Drums,Country Roads
Grace Martin,1996,Bass,Reggae Roots
Olivia Hall,1974,Harp,Reggae Roots
Emma Brown,1962,Trumpet,The Rockers
Jane Smith,1963,Drums,Reggae Roots
Michael Kim,1973,Trumpet,Electro Beats
Olivia Nelson,1987,Harp,Jazz Masters
Emily Nelson,1972,Guitar,Blues Crew
John Turner,1994,Bass,Blues Crew
Matthew Kim,1985,Keyboard,Indie Vibes
Chris Smith,1962,Saxophone,Reggae Roots
Alex Hall,1961,Harp,The Rockers
Linda Clark,1972,Guitar,The Rockers
Sarah King,1992,Flute,Country Roads
Sarah Hall,1989,Keyboard,Reggae Roots
Sophie Brown,1985,Drums,Country Roads
Emily Brown,1970,Guitar,Jazz Masters
Laura Kim,1984,Cello,Country Roads
Chloe Scott,1973,Drums,Reggae Roots
Sarah Lee,1991,Guitar,Country Roads
Jane Adams,1990,Drums,Indie Vibes
Chris Evans,1960,Violin,Reggae Roots
Chris Martin,1964,Cello,Reggae Roots
Sarah Turner,2001,Cello,Reggae Roots
John Nelson,1981,Violin,Blues Crew
John Clark,1978,Drums,Classic Ensemble
John Kim,1997,Saxophone,Classic Ensemble
Daniel Clark,1968,Cello,The Rockers
Sarah King,1974,Saxophone,Pop Stars
Emily Smith,1993,Drums,Pop Stars
Laura Doe,1989,Bass,Classic Ensemble
Michael Brown,2000,Cello,Jazz Masters
Sophie Green,1971,Harp,Blues Crew
Chloe Baker,1974,Harp,Reggae Roots
Emma Hall,1986,Guitar,Indie Vibes
Michael Adams,1986,Drums,Jazz Masters
Laura Evans,1985,Bass,Jazz Masters
Laura Doe,1960,Flute,Indie Vibes
Sophie Young,1962,Trumpet,Electro Beats
Chris Scott,1964,Drums,Reggae Roots
Sophie Nelson,1992,Harp,Indie Vibes
Sophie Evans,1967,Guitar,The Rockers
Olivia Adams,1970,Trumpet,Reggae Roots
David Nelson,2005,Violin,Country Roads
Sophie Clark,1997,Keyboard,Reggae Roots
Chloe Hall,1976,Saxophone,Electro Beats
Sarah Wright,1984,Saxophone,Electro Beats
Michael Martin,1971,Violin,Pop Stars
Chloe Nelson,1975,Keyboard,Pop Stars
Emily Nelson,1972,Violin,Jazz Masters
Emma Adams,1968,Bass,Country Roads
Sophie Scott,1988,Flute,Pop Stars
Joshua Lee,1970,Saxophone,The Rockers
Sophie Evans,1995,Saxophone,Pop Stars
Emma Evans,1995,Guitar,Jazz Masters
Sophie Martin,1997,Drums,Reggae Roots
Daniel Lee,2004,Cello,Indie Vibes
Joshua Young,1967,Drums,Indie Vibes
Matthew Wilson,1989,Keyboard,Classic Ensemble
Alex Kim,1982,Bass,The Rockers
Alex Scott,1976,Saxophone,Metal Heads
Brian Baker,2004,Trumpet,Electro Beats
David Lee,1984,Saxophone,Jazz Masters
Emma Martin,1993,Guitar,Blues Crew
Jane Green,2003,Flute,Blues Crew
Emma Hall,1998,Drums,Classic Ensemble
Grace Wright,1992,Saxophone,Jazz Masters
Olivia Wright,1964,Saxophone,Reggae Roots
Sophie Clark,1993,Saxophone,Indie Vibes
Sarah Smith,1983,Saxophone,Blues Crew
Olivia Scott,2003,Trumpet,The Rockers
John Nelson,1975,Drums,Indie Vibes
Olivia Smith,1972,Flute,Electro Beats
Matthew Adams,1965,Trumpet,Electro Beats
Sarah Wilson,1998,Saxophone,Electro Beats
Sophie Baker,1978,Harp,Electro Beats
Brian Doe,1994,Drums,Country Roads
Matthew Smith,1962,Harp,The Rockers
Michael Doe,1996,Violin,Blues Crew
Olivia Lee,1994,Trumpet,Reggae Roots
Chloe Young,1985,Flute,Blues Crew
Linda Lee,1978,Drums,The Rockers
Chloe Brown,1986,Bass,Indie Vibes
Michael Adams,1992,Guitar,Reggae Roots
Linda Brown,1969,Drums,Reggae Roots
Jane Lee,1978,Guitar,Jazz Masters
Olivia Turner,1970,Drums,Electro Beats
Laura Doe,2003,Violin,Indie Vibes
Alex Smith,1982,Flute,Jazz Masters
John Doe,1989,Drums,Blues Crew
Grace Doe,1970,Saxophone,Blues Crew
Daniel Smith,1986,Drums,Electro Beats
Alex King,1979,Drums,Metal Heads
Sarah Green,1962,Guitar,Blues Crew
Sophie Young,1985,Keyboard,Metal Heads
Laura Green,1989,Keyboard,Electro Beats
Olivia Turner,1984,Drums,Indie Vibes
Alex Young,2005,Cello,Country Roads
Jane Lee,1965,Harp,Classic Ensemble
Matthew King,1978,Cello,Reggae Roots
Chris Nelson,1978,Keyboard,The Rockers
Daniel Young,1971,Guitar,Blues Crew
Linda King,2003,Harp,Reggae Roots
James Harris,2004,Cello,Reggae Roots
Grace Kim,1991,Bass,Electro Beats
David Evans,1961,Cello,Electro Beats
Emma Lee,1963,Trumpet,The Rockers
Emily Harris,1985,Violin,Metal Heads
Joshua Smith,1964,Saxophone,Reggae Roots
Joshua Evans,1981,Guitar,Indie Vibes
Brian Nelson,1980,Saxophone,Classic Ensemble
Olivia Wilson,1991,Guitar,Blues Crew
Michael Doe,1968,Trumpet,Classic Ensemble
Sophie Evans,1991,Drums,Electro Beats
Emily Evans,1988,Harp,Reggae Roots
John Lee,2005,Drums,Metal Heads
Emily Green,1980,Bass,Indie Vibes
Laura Wilson,1986,Drums,Classic Ensemble
Sarah Turner,1995,Violin,Pop Stars
Emily Adams,2000,Saxophone,Country Roads
Grace Scott,1999,Harp,Pop Stars
Alex Lee,1994,Cello,Electro Beats
Olivia King,1980,Keyboard,Country Roads
Alex Green,1972,Flute,Reggae Roots
Alex Hall,1975,Drums,Pop Stars
Linda Evans,1963,Bass,Electro Beats
Matthew Wilson,1962,Bass,Metal Heads
Chris Kim,1963,Drums,Classic Ensemble
Chloe Nelson,1980,Cello,Jazz Masters
Michael Turner,1969,Violin,Jazz Masters
John Wright,1974,Bass,Reggae Roots
Jane Young,1981,Trumpet,Indie Vibes
Alex Lee,1965,Guitar,Reggae Roots
Matthew Young,1970,Keyboard,Metal Heads
David Wilson,1977,Cello,The Rockers
Brian Doe,1987,Bass,Indie Vibes
Emma Turner,2005,Harp,Pop Stars
Jane Scott,1976,Cello,Country Roads
Chloe Green,1991,Flute,Indie Vibes
Emma Wright,1982,Bass,Metal Heads
Daniel Wright,1970,Cello,Classic Ensemble
Michael Smith,1989,Flute,Country Roads
Brian Young,1994,Saxophone,Pop Stars
Olivia Nelson,1995,Trumpet,Pop Stars
Olivia Adams,1979,Keyboard,The Rockers
Joshua Scott,1973,Saxophone,Classic Ensemble
John Clark,1992,Trumpet,Jazz Masters
Daniel Brown,1988,Cello,The Rockers
Olivia Smith,1960,Bass,Blues Crew
James Evans,1978,Keyboard,Indie Vibes
David Wilson,2003,Flute,Blues Crew
Brian Clark,1994,Cello,Metal Heads
Daniel Nelson,2002,Harp,Metal Heads
John Lee,1987,Flute,Reggae Roots
James Doe,1962,Trumpet,The Rockers
Grace Hall,1992,Saxophone,Blues Crew
Sarah Wright,2004,Keyboard,Blues Crew
Alex Green,1983,Drums,Indie Vibes
Laura Smith,1965,Harp,Country Roads
Sarah Green,1966,Bass,The Rockers
Michael Baker,1975,Drums,Jazz Masters
Daniel Kim,1963,Guitar,The Rockers
Emily Hall,1997,Cello,Blues Crew
Grace Scott,1990,Trumpet,Classic Ensemble
Alex Smith,2002,Flute,Electro Beats
Alex Hall,1965,Trumpet,Reggae Roots
Emma Wright,1975,Violin,Indie Vibes
James Harris,1990,Violin,Classic Ensemble
Emma Martin,2000,Trumpet,Pop Stars
Emily Evans,1975,Cello,Classic Ensemble
Chris Turner,1973,Keyboard,Classic Ensemble
Joshua King,1996,Cello,Electro Beats
Sarah Hall,1984,Keyboard,Metal Heads
Sarah Brown,1977,Violin,Jazz Masters
Chris Hall,1985,Keyboard,The Rockers
Sophie Nelson,1978,Bass,Classic Ensemble
Sarah Harris,1986,Drums,The Rockers
Michael Green,1970,Bass,Electro Beats
Grace Evans,2003,Keyboard,Electro Beats
Matthew Martin,1991,Harp,Indie Vibes
Michael Smith,1962,Violin,The Rockers
Brian Nelson,2004,Violin,Jazz Masters
Emily Hall,1989,Trumpet,Jazz Masters
Chloe Doe,1986,Keyboard,Classic Ensemble
David Green,1985,Violin,Indie Vibes
Olivia King,1992,Cello,Country Roads
Daniel Adams,1967,Saxophone,Pop Stars
David Doe,2004,Bass,Metal Heads
Sarah Kim,1982,Trumpet,Jazz Masters
Emma Clark,1992,Drums,Reggae Roots
Alex Wright,1991,Saxophone,Country Roads
Chloe Green,1960,Keyboard,Blues Crew
Jane Adams,1983,Cello,The Rockers
Grace Adams,1960,Trumpet,The Rockers
Michael Wilson,1981,Harp,Electro Beats
Linda Adams,1984,Flute,Classic Ensemble
John Smith,2004,Flute,Blues Crew
Chris Adams,1996,Harp,Blues Crew
Laura Turner,1980,Drums,Country Roads
Olivia Brown,1995,Violin,Classic Ensemble
Daniel Clark,1981,Guitar,Metal Heads
Linda Lee,2002,Violin,Indie Vibes
Joshua Wilson,1989,Drums,Electro Beats
David Wilson,1983,Cello,Reggae Roots
Emily Hall,1987,Harp,Reggae Roots
James Lee,1976,Trumpet,Electro Beats
Joshua Hall,2005,Drums,Country Roads
Emma Brown,1987,Keyboard,Reggae Roots
Brian Evans,1984,Cello,Metal Heads
Sarah Martin,1995,Harp,The Rockers
Joshua Lee,1981,Drums,Classic Ensemble
David Baker,1982,Flute,Reggae Roots
Sophie Lee,1994,Keyboard,Classic Ensemble
Emma Wright,1999,Bass,Classic Ensemble
Chloe King,1984,Keyboard,Blues Crew
Grace Wilson,1977,Cello,Blues Crew
Alex Hall,1969,Saxophone,Country Roads
Grace Smith,1975,Bass,Electro Beats
Chloe Nelson,1965,Bass,Metal Heads
John Wright,1983,Harp,Jazz Masters
Michael Brown,1976,Flute,Pop Stars
Matthew Lee,1971,Keyboard,Jazz Masters
Grace Brown,2000,Cello,Pop Stars
Grace Brown,1993,Violin,Classic Ensemble
Olivia Clark,1972,Violin,Indie Vibes
Brian King,2002,Trumpet,Pop Stars
Laura King,2000,Cello,Country Roads
Matthew Brown,1989,Flute,Blues Crew
Matthew Turner,1991,Trumpet,Indie Vibes
Michael Hall,1982,Keyboard,Classic Ensemble
Sophie Nelson,1976,Harp,Electro Beats
Olivia Clark,1984,Trumpet,Pop Stars
Sophie Scott,1975,Guitar,Electro Beats
David Nelson,1990,Harp,Jazz Masters
Chris Lee,1973,Harp,The Rockers
Olivia Kim,1961,Bass,Classic Ensemble
Matthew Brown,1985,Saxophone,Country Roads
Michael Adams,1984,Keyboard,Blues Crew
Matthew Baker,2000,Keyboard,Jazz Masters
Chris Young,1975,Trumpet,Metal Heads
Sarah Lee,1996,Flute,Metal Heads
David Wilson,1976,Drums,The Rockers
Chris Hall,1970,Guitar,Reggae Roots
Linda King,2003,Cello,Blues Crew
Jane Evans,1995,Guitar,Metal Heads
Matthew Turner,1974,Drums,Country Roads
Emma Brown,2001,Trumpet,Reggae Roots
Olivia Nelson,1993,Keyboard,The Rockers
Matthew Hall,1998,Trumpet,The Rockers
Jane Evans,1979,Violin,Indie Vibes
Jane Turner,1960,Harp,Metal Heads
Chris Young,1973,Bass,Reggae Roots
Matthew Martin,1982,Saxophone,Metal Heads
Emma Smith,1988,Flute,Indie Vibes
David Wright,1989,Saxophone,Jazz Masters
John Harris,1994,Saxophone,Jazz Masters
David Hall,1984,Drums,Jazz Masters
Michael Harris,1993,Keyboard,Metal Heads
Alex Wright,1960,Violin,Classic Ensemble
Matthew Hall,1961,Trumpet,Jazz Masters
Joshua Lee,1970,Flute,The Rockers
Emma Wright,1990,Harp,Country Roads
Emily Martin,1980,Bass,Jazz Masters
Jane Young,1976,Violin,Electro Beats
Daniel Brown,1997,Guitar,Reggae Roots
Sophie Hall,2002,Guitar,Metal Heads
Emma Lee,1972,Guitar,Reggae Roots
John Martin,1961,Trumpet,Country Roads
Olivia Scott,1996,Keyboard,Jazz Masters
Michael Nelson,1968,Saxophone,Pop Stars
Alex Lee,1982,Guitar,Country Roads
Grace Green,1984,Bass,The Rockers
Emma Brown,1981,Drums,Metal Heads
Linda Young,1983,Guitar,Blues Crew
Laura Kim,1972,Drums,Pop Stars
Daniel Smith,1969,Violin,Pop Stars
Olivia Martin,1960,Flute,Jazz Masters
Emma Green,1987,Keyboard,Metal Heads
Chloe Lee,1998,Guitar,Jazz Masters
Brian Brown,1985,Harp,Reggae Roots
Chris Wilson,1974,Saxophone,Reggae Roots
Daniel Wright,2005,Saxophone,Classic Ensemble
Jane Martin,1979,Saxophone,Reggae Roots
Matthew Hall,1993,Keyboard,Country Roads
Olivia Brown,2005,Trumpet,Reggae Roots
Sophie Lee,1961,Saxophone,Pop Stars
David Wright,1960,Trumpet,Country Roads
John Wilson,1971,Violin,Indie Vibes
Chloe Evans,2001,Violin,Blues Crew
Laura Brown,1982,Drums,Classic Ensemble
Emily Young,2004,Violin,Indie Vibes
Emily Nelson,1977,Flute,Indie Vibes
Daniel Young,1986,Flute,Pop Stars
David King,1970,Cello,The Rockers
Matthew Martin,2000,Harp,Pop Stars
Brian Kim,1966,Bass,Electro Beats
Alex Doe,1983,Harp,Indie Vibes
Brian Adams,2004,Drums,Electro Beats
Matthew Martin,1995,Saxophone,Metal Heads
Laura Young,1999,Cello,Metal Heads
Emma Wilson,1999,Drums,Metal Heads
Michael Baker,1967,Harp,Metal Heads
Chloe Green,2000,Drums,Metal Heads
Brian Evans,1987,Saxophone,Indie Vibes
Grace Green,1980,Harp,Pop Stars
Emily Kim,1960,Keyboard,Metal Heads
Daniel Baker,1977,Keyboard,Reggae Roots
Joshua King,1983,Keyboard,Reggae Roots
James King,2002,Violin,Electro Beats
Daniel Turner,1978,Cello,Reggae Roots
Laura Adams,1975,Guitar,Indie Vibes
Sarah Lee,1974,Drums,The Rockers
Grace Lee,2002,Violin,Reggae Roots
James Green,1988,Flute,Metal Heads
Alex Evans,1988,Harp,Electro Beats
Alex Doe,1972,Drums,Blues Crew
Olivia Kim,1962,Drums,The Rockers
Sophie Kim,2003,Cello,Classic Ensemble
Alex Kim,1972,Harp,Electro Beats
Grace Martin,1995,Flute,Metal Heads
Sarah Clark,1977,Violin,Indie Vibes
Alex Doe,2002,Harp,Classic Ensemble
Brian Evans,1985,Violin,Jazz Masters
Daniel Turner,1968,Keyboard,Classic Ensemble
Alex Hall,1990,Cello,Electro Beats
Michael Nelson,2003,Keyboard,Indie Vibes
Olivia Doe,1980,Keyboard,Classic Ensemble
Emily Smith,1962,Saxophone,Pop Stars
Linda Brown,1980,Trumpet,Metal Heads
Sophie Wilson,1974,Saxophone,Jazz Masters
Brian Lee,1983,Drums,Electro Beats
James Adams,1973,Harp,Reggae Roots
Michael Adams,1984,Guitar,Country Roads
Michael Nelson,1988,Flute,Pop Stars
Olivia Harris,1977,Drums,The Rockers
David Harris,1981,Flute,Reggae Roots
Brian Nelson,1975,Saxophone,Electro Beats
Grace Harris,1961,Drums,Reggae Roots
Chris Turner,2000,Drums,Blues Crew
Matthew Brown,1973,Bass,Electro Beats
John Scott,1965,Drums,Reggae Roots
John Turner,1966,Keyboard,Indie Vibes
Alex Brown,1996,Guitar,Classic Ensemble
Michael Adams,2005,Harp,Classic Ensemble
Joshua Baker,1970,Trumpet,Country Roads
Daniel Adams,1970,Guitar,Classic Ensemble
Grace Turner,1997,Flute,Reggae Roots
Emma Turner,1992,Trumpet,Classic Ensemble
Sophie King,1966,Saxophone,Classic Ensemble
Emma Turner,1980,Keyboard,Metal Heads
John Lee,1992,Guitar,Country Roads
David Smith,1996,Bass,Jazz Masters
James Doe,1991,Violin,Country Roads
Chloe Wilson,1997,Saxophone,The Rockers
Daniel Kim,2003,Drums,Indie Vibes
Chloe Lee,1975,Violin,Classic Ensemble
Matthew Martin,1981,Keyboard,Classic Ensemble
John Harris,1997,Trumpet,The Rockers
Olivia Nelson,1986,Keyboard,Electro Beats
Alex Hall,1988,Harp,Jazz Masters
Grace Kim,1963,Bass,Metal Heads
Emily Harris,1994,Flute,Electro Beats
Linda Wright,1996,Guitar,Classic Ensemble
Grace Kim,1989,Cello,Metal Heads
Emily Lee,1997,Drums,Country Roads
Matthew Harris,1966,Cello,Classic Ensemble
Alex Green,1987,Guitar,Reggae Roots
Daniel Hall,1970,Harp,Blues Crew
David Turner,2000,Flute,Pop Stars
Linda Wilson,1990,Keyboard,Indie Vibes
Matthew Wright,1995,Guitar,Electro Beats
James Baker,1963,Saxophone,Indie Vibes
Alex Adams,1973,Guitar,Pop Stars
Joshua Hall,1997,Flute,Electro Beats
Chris Doe,1981,Bass,Electro Beats
Linda Smith,1979,Harp,Reggae Roots
Brian Doe,1994,Flute,Metal Heads
Alex Kim,1976,Saxophone,Blues Crew
Michael Smith,1978,Violin,The Rockers
John Doe,1962,Flute,The Rockers
Laura King,1996,Violin,Classic Ensemble
James Doe,1975,Cello,Classic Ensemble
Linda Lee,1984,Drums,Classic Ensemble
Sarah Green,1965,Keyboard,Country Roads
Emma Nelson,1968,Trumpet,Metal Heads
Chris Kim,1983,Cello,The Rockers
John Kim,2005,Trumpet,Electro Beats
Chloe Hall,1987,Harp,The Rockers
Daniel Wilson,1988,Drums,The Rockers
Sarah Smith,1970,Cello,The Rockers
Grace Green,1974,Keyboard,Pop Stars
Sarah Scott,1986,Bass,Country Roads
Michael Martin,1966,Flute,Jazz Masters
Emma Adams,1960,Harp,Classic Ensemble
Olivia Martin,1981,Trumpet,Classic Ensemble
Sophie Harris,1964,Keyboard,Reggae Roots
Jane Baker,1968,Flute,Jazz Masters
Chris Adams,1995,Cello,The Rockers
Grace Young,1994,Violin,Jazz Masters
Matthew Young,1994,Guitar,Classic Ensemble
Emma Turner,1986,Guitar,Country Roads
Daniel Nelson,2001,Drums,The Rockers
Jane Lee,1964,Guitar,Country Roads
Sophie Clark,1980,Violin,The Rockers
Michael Green,1963,Keyboard,Pop Stars
Chloe Baker,1967,Guitar,Jazz Masters
James Young,1973,Flute,Indie Vibes
John Doe,1972,Saxophone,Pop Stars
Jane King,1998,Flute,Indie Vibes
James Adams,1996,Harp,The Rockers
Alex Turner,1968,Harp,Pop Stars
Emma Brown,1977,Drums,Blues Crew
Sophie Adams,1966,Flute,Classic Ensemble
Daniel Scott,1979,Drums,Classic Ensemble
Chris Smith,1982,Violin,Pop Stars
Alex King,1990,Cello,Metal Heads
Laura Kim,1983,Harp,Reggae Roots
David Doe,1990,Flute,Country Roads
John Nelson,1960,Cello,Jazz Masters
Chris Brown,1965,Trumpet,The Rockers
Michael Evans,2004,Harp,Electro Beats
Joshua Adams,1965,Saxophone,Reggae Roots
Sarah Turner,1999,Bass,Blues Crew
Daniel Lee,1973,Cello,Reggae Roots
Chloe Martin,1999,Flute,Classic Ensemble
Joshua Nelson,1966,Trumpet,Reggae Roots
Laura Turner,1993,Drums,Blues Crew
Michael Evans,1963,Cello,Classic Ensemble
Sarah Evans,1983,Bass,Blues Crew
Olivia Baker,1985,Guitar,Pop Stars
Jane Smith,1983,Harp,The Rockers
Laura Kim,1985,Keyboard,Reggae Roots
Sarah Nelson,1963,Trumpet,Classic Ensemble
Laura Lee,1974,Violin,Electro Beats
Emma Martin,1999,Drums,Pop Stars
Joshua Harris,1961,Harp,Pop Stars
Brian Kim,2000,Harp,Classic Ensemble
Chloe Clark,1963,Harp,Electro Beats
John Turner,1968,Bass,Blues Crew
Brian Adams,1976,Flute,The Rockers
Michael Kim,1977,Harp,Blues Crew
Jane Harris,1964,Saxophone,Blues Crew
Daniel Brown,1985,Drums,Indie Vibes
Emma Doe,1989,Flute,Classic Ensemble
Daniel Kim,1994,Trumpet,Indie Vibes
Sophie Clark,1976,Harp,Jazz Masters
Grace Clark,1992,Trumpet,Country Roads
David Wright,1993,Guitar,Electro Beats
Emma King,1997,Harp,Electro Beats
Emily Green,1994,Flute,Indie Vibes
Chloe Clark,1963,Bass,Country Roads
Daniel Young,1995,Trumpet,Jazz Masters
Olivia Doe,2003,Flute,The Rockers
Chris Scott,2001,Bass,The Rockers
Grace Clark,1965,Saxophone,Country Roads
Alex Wright,1966,Violin,Pop Stars
Daniel Martin,1968,Keyboard,Reggae Roots
Michael Nelson,1979,Harp,Jazz Masters
John Adams,1998,Violin,Country Roads
Brian Kim,1964,Cello,Country Roads
David Doe,1967,Violin,Jazz Masters
Sarah Young,1976,Guitar,Country Roads
Laura Brown,1966,Bass,Indie Vibes
Emily Doe,2003,Trumpet,Blues Crew
Joshua Turner,1990,Guitar,Metal Heads
John Turner,1977,Cello,Classic Ensemble
Sophie Baker,1985,Harp,Indie Vibes
Joshua Brown,1963,Cello,Pop Stars
Alex Doe,1964,Violin,Indie Vibes
Olivia Harris,2004,Drums,Reggae Roots
Chloe Brown,1978,Guitar,Blues Crew
Laura Lee,1978,Harp,Jazz Masters
Olivia Doe,1986,Flute,Jazz Masters
Olivia King,1972,Keyboard,Jazz Masters
Sarah Harris,1964,Saxophone,The Rockers
Daniel Wright,1984,Bass,Pop Stars
Linda Turner,1987,Saxophone,The Rockers
Laura Brown,1982,Violin,Classic Ensemble
Emma Martin,2003,Harp,Jazz Masters
Chloe Young,2003,Harp,Jazz Masters
Chloe Baker,1986,Cello,Metal Heads
Linda Wright,1964,Cello,Electro Beats
Grace Nelson,2005,Guitar,Indie Vibes
Sophie Baker,1978,Drums,Blues Crew
Matthew Brown,1966,Violin,Metal Heads
Joshua Wright,1982,Cello,Electro Beats
David Harris,1994,Cello,Country Roads
Alex Adams,2000,Saxophone,Electro Beats
John Brown,1987,Trumpet,Indie Vibes
Olivia Clark,1976,Harp,Jazz Masters
Michael Clark,1961,Drums,Pop Stars
Sophie Green,1966,Harp,Indie Vibes
James Smith,1993,Trumpet,Country Roads
Sarah Nelson,1962,Drums,Metal Heads
Michael Smith,1998,Guitar,Country Roads
James Brown,1971,Keyboard,Country Roads
Linda Nelson,1984,Guitar,Classic Ensemble
Emily Wilson,1973,Flute,The Rockers
Joshua Hall,1978,Violin,Blues Crew
Laura Adams,1971,Bass,Classic Ensemble
Sarah King,1981,Harp,Classic Ensemble
Olivia Adams,1998,Harp,Pop Stars
Chris Evans,1972,Saxophone,Metal Heads
Chloe Clark,1978,Trumpet,Country Roads
Joshua Martin,1964,Drums,Metal Heads
Joshua Wright,1983,Flute,Pop Stars
Daniel Young,2003,Keyboard,Metal Heads
Matthew Scott,2005,Flute,Classic Ensemble
